Region,Year,Exposure,Vulnerability,Susceptibility
Vanuatu,2011,Very High,High,High
Tonga,2011,Very High,Medium,Medium
Philippines,2011,Very High,High,High
Solomon Islands,2011,Very High,Very High,High
Guatemala,2011,Very High,High,High
Bangladesh,2011,Very High,Very High,High
Timor-Leste,2011,Very High,Very High,Very High
Costa Rica,2011,Very High,Low,Low
Cambodia,2011,Very High,High,High
El Salvador,2011,Very High,Medium,Medium
Nicaragua,2011,Very High,High,High
Papua New Guinea,2011,Very High,Very High,Very High
Madagascar,2011,Very High,Very High,Very High
Brunei,2011,Very High,Low,Very Low
Afghanistan,2011,Very High,Very High,Very High
Niger,2011,Very High,Very High,Very High
Gambia,2011,Very High,High,High
Bhutan,2011,Very High,High,High
Fiji,2011,Very High,Medium,High
Guinea-Bissau,2011,Very High,Very High,Very High
Jamaica,2011,Very High,Medium,Medium
Chad,2011,High,Very High,Very High
Honduras,2011,Very High,High,High
Dominican Republic,2011,Very High,Medium,Medium
Chile,2011,Very High,Low,Low
Mauritius,2011,Very High,Low,Low
Senegal,2011,Very High,High,High
Indonesia,2011,Very High,High,High
Burkina Faso,2011,High,Very High,Very High
Burundi,2011,High,Very High,Very High
Mali,2011,High,Very High,Very High
Haiti,2011,High,Very High,Very High
Sierra Leone,2011,High,Very High,Very High
Vietnam,2011,Very High,Medium,Medium
Japan,2011,Very High,Very Low,Very Low
Benin,2011,High,Very High,Very High
Togo,2011,High,Very High,Very High
Cameroon,2011,High,High,High
Albania,2011,Very High,Low,Low
Mozambique,2011,Medium,Very High,Very High
Mauritania,2011,High,Very High,High
Zimbabwe,2011,High,Very High,Very High
Guinea,2011,Medium,Very High,Very High
Cape Verde,2011,High,High,High
Uzbekistan,2011,High,High,Medium
Ghana,2011,High,High,High
Suriname,2011,Very High,Medium,Medium
Sudan,2011,Medium,Very High,Very High
Liberia,2011,Medium,Very High,Very High
Nigeria,2011,Medium,Very High,Very High
Ivory Coast,2011,High,High,High
Guyana,2011,High,Medium,Medium
Malawi,2011,Medium,Very High,Very High
Ecuador,2011,Very High,Medium,Medium
Rwanda,2011,Medium,High,Very High
Tanzania,2011,Medium,Very High,Very High
Myanmar,2011,High,High,High
Kyrgyzstan,2011,High,Medium,Medium
Zambia,2011,Medium,Very High,Very High
Ethiopia,2011,Low,Very High,Very High
Algeria,2011,High,Medium,Low
Angola,2011,Medium,High,Very High
Samoa,2011,High,Medium,Medium
Lesotho,2011,Medium,High,Very High
Sri Lanka,2011,High,Medium,Medium
Pakistan,2011,Medium,Very High,High
Kenya,2011,Medium,Very High,Very High
Democratic Republic of the Congo,2011,Medium,High,Very High
Netherlands,2011,Very High,Very Low,Very Low
Panama,2011,High,Low,Medium
India,2011,Medium,High,High
Uganda,2011,Low,Very High,Very High
Tajikistan,2011,Medium,High,High
Eswatini,2011,Medium,High,High
Peru,2011,High,Medium,Medium
Eritrea,2011,Low,Very High,Very High
Central African Republic,2011,Low,Very High,Very High
Morocco,2011,Medium,Medium,Medium
Greece,2011,Very High,Very Low,Very Low
Djibouti,2011,Low,High,High
Georgia,2011,High,Medium,Medium
Turkmenistan,2011,Medium,Medium,Low
Comoros,2011,Low,Very High,Very High
Armenia,2011,High,Medium,Medium
Thailand,2011,High,Medium,Low
Colombia,2011,Medium,Medium,Medium
Yemen,2011,Low,Very High,High
Azerbaijan,2011,Medium,Medium,Medium
Equatorial Guinea,2011,Low,High,High
Trinidad and Tobago,2011,High,Low,Low
Malaysia,2011,High,Low,Low
Namibia,2011,Low,High,High
Mexico,2011,High,Low,Medium
Room,2011,High,Low,Medium
China,2011,Medium,Medium,Medium
Gabon,2011,Low,Medium,High
Bosnia and Herzegovina,2011,Medium,Low,Low
Syria,2011,Low,High,Medium
Nepal,2011,Low,High,Very High
Venezuela,2011,Medium,Medium,Medium
Cuba,2011,High,Low,Low
Belize,2011,Medium,Medium,Medium
Republic of North Macedonia,2011,Medium,Low,Low
Laos,2011,Very Low,High,High
Iraq,2011,Very Low,High,High
Tunisia,2011,Medium,Medium,Low
South Africa,2011,Medium,Medium,Medium
Botswana,2011,Low,Medium,Medium
Hungary,2011,High,Low,Low
Serbia,2011,Medium,Low,Low
Turkey,2011,Low,Medium,Low
Bolivia,2011,Very Low,High,High
Jordan,2011,Low,Low,Medium
Iran,2011,Low,Medium,Low
Lebanon,2011,Low,Low,Low
Moldova,2011,Low,Medium,Medium
Italy,2011,Medium,Very Low,Very Low
Bahamas,2011,Low,Low,Very Low
Australia,2011,High,Very Low,Very Low
New Zealand,2011,High,Very Low,Very Low
Brazil,2011,Very Low,Low,Medium
Ireland,2011,Medium,Very Low,Very Low
Czech Republic,2011,Low,Low,Very Low
South Korea,2011,Medium,Very Low,Very Low
Paraguay,2011,Very Low,High,High
United Arab Emirates,2011,Low,Low,Very Low
Bulgaria,2011,Low,Low,Low
Kazakhstan,2011,Very Low,Low,Low
Uruguay,2011,Low,Low,Low
Argentina,2011,Very Low,Low,Medium
S?o Tom?? and Pr??ncipe,2011,Very Low,High,High
Slovenia,2011,Low,Very Low,Very Low
United States,2011,Medium,Very Low,Low
Croatia,2011,Low,Very Low,Low
Kuwait,2011,Very Low,Low,Very Low
Libya,2011,Very Low,Medium,Medium
Portugal,2011,Low,Very Low,Low
United Kingdom,2011,Low,Very Low,Very Low
Russia,2011,Very Low,Low,Low
Belgium,2011,Low,Very Low,Very Low
Cyprus,2011,Low,Very Low,Very Low
Mongolia,2011,Very Low,Medium,High
Poland,2011,Very Low,Very Low,Low
Austria,2011,Medium,Very Low,Very Low
Slovakia,2011,Low,Very Low,Very Low
Spain,2011,Low,Very Low,Very Low
Latvia,2011,Very Low,Very Low,Low
Ukraine,2011,Very Low,Low,Low
Belarus,2011,Very Low,Low,Low
Germany,2011,Low,Very Low,Very Low
Lithuania,2011,Very Low,Very Low,Low
Ethiopia,2011,Low,Very Low,Very Low
Singapore,2011,Very Low,Very Low,Very Low
Oman,2011,Very Low,Low,Low
France,2011,Very Low,Very Low,Very Low
Luxembourg,2011,Low,Very Low,Very Low
Seychelles,2011,Very Low,Low,Low
Israel,2011,Very Low,Low,Low
Canada,2011,Very Low,Very Low,Very Low
Switzerland,2011,Low,Very Low,Very Low
Barbados,2011,Very Low,Very Low,Very Low
Egypt,2011,Very Low,Medium,Medium
Grenada,2011,Very Low,Medium,Medium
Norway,2011,Very Low,Very Low,Very Low
Estonia,2011,Very Low,Very Low,Low
Finland,2011,Very Low,Very Low,Very Low
Sweden,2011,Very Low,Very Low,Very Low
Kiribati,2011,Very Low,High,High
Bahrain,2011,Very Low,Low,Very Low
Island,2011,Very Low,Very Low,Very Low
Saudi Arabia,2011,Very Low,Low,Low
Malta,2011,Very Low,Very Low,Very Low
Qatar,2011,Very Low,Very Low,Very Low
Vanuatu,2013,Very High,High,High
Tonga,2013,Very High,Medium,Medium
Philippines,2013,Very High,Medium,High
Guatemala,2013,Very High,High,High
Bangladesh,2013,Very High,High,High
Solomon Islands,2013,Very High,High,High
Costa Rica,2013,Very High,Low,Low
Cambodia,2013,Very High,High,High
El Salvador,2013,Very High,Medium,Medium
Timor-Leste,2013,Very High,Very High,Very High
Papua New Guinea,2013,Very High,Very High,Very High
Brunei,2013,Very High,Low,Very Low
Mauritius,2013,Very High,Low,Low
Nicaragua,2013,Very High,High,High
Japan,2013,Very High,Very Low,Low
Fiji,2013,Very High,Medium,Medium
Guinea-Bissau,2013,Very High,Very High,Very High
Vietnam,2013,Very High,Medium,Medium
Chile,2013,Very High,Low,Low
Jamaica,2013,Very High,Medium,Medium
Haiti,2013,High,Very High,Very High
Gambia,2013,Very High,High,High
Guyana,2013,Very High,Medium,Medium
Niger,2013,High,Very High,Very High
Benin,2013,High,Very High,Very High
Dominican Republic,2013,Very High,Medium,Medium
Cameroon,2013,Very High,High,High
Madagascar,2013,High,Very High,Very High
Chad,2013,High,Very High,Very High
Senegal,2013,Very High,High,High
Honduras,2013,Very High,High,High
Cape Verde,2013,Very High,High,High
Indonesia,2013,Very High,High,High
Burundi,2013,High,Very High,Very High
Sierra Leone,2013,High,Very High,Very High
Togo,2013,High,Very High,Very High
Albania,2013,Very High,Medium,Low
Zimbabwe,2013,High,Very High,Very High
Afghanistan,2013,Medium,Very High,Very High
Djibouti,2013,High,High,High
Burkina Faso,2013,High,Very High,Very High
Myanmar,2013,High,High,High
Ivory Coast,2013,Medium,Very High,High
Mozambique,2013,Medium,Very High,Very High
Ghana,2013,High,High,High
Netherlands,2013,Very High,Very Low,Very Low
Uzbekistan,2013,High,High,Medium
Mali,2013,Medium,Very High,Very High
Suriname,2013,Very High,Medium,Medium
Kyrgyzstan,2013,High,Medium,Medium
Guinea,2013,Medium,Very High,Very High
Nigeria,2013,Medium,Very High,Very High
Mauritania,2013,Medium,Very High,Very High
Algeria,2013,High,Medium,Medium
Malawi,2013,Medium,Very High,Very High
Tanzania,2013,Medium,Very High,Very High
Bhutan,2013,High,High,High
Sudan,2013,Medium,Very High,Very High
Ecuador,2013,High,Medium,Medium
Liberia,2013,Low,Very High,Very High
Sri Lanka,2013,High,Medium,Medium
Eswatini,2013,Medium,High,High
Trinidad and Tobago,2013,Very High,Low,Low
Democratic Republic of the Congo,2013,Medium,Very High,Very High
Serbia,2013,Very High,Low,Low
Comoros,2013,Low,Very High,Very High
Panama,2013,High,Low,Medium
Zambia,2013,Low,Very High,Very High
Rwanda,2013,Medium,High,Very High
Ethiopia,2013,Low,Very High,Very High
Greece,2013,Very High,Very Low,Low
Tajikistan,2013,Medium,High,High
Pakistan,2013,Low,High,High
India,2013,Medium,High,High
Morocco,2013,Medium,High,Medium
Lesotho,2013,Low,High,Very High
Peru,2013,High,Medium,Medium
Kenya,2013,Low,Very High,Very High
Armenia,2013,High,Medium,Low
China,2013,High,Medium,Medium
Colombia,2013,Medium,Medium,Medium
Georgia,2013,High,Medium,Medium
Uganda,2013,Low,Very High,Very High
Belize,2013,Medium,Medium,Medium
Rum,2013,High,Low,Low
Turkmenistan,2013,Medium,Medium,Medium
Central African Republic,2013,Low,Very High,Very High
Cuba,2013,High,Low,Low
Angola,2013,Low,Very High,Very High
Malaysia,2013,High,Low,Low
Bosnia and Herzegovina,2013,High,Low,Low
Mexico,2013,Medium,Low,Medium
Eritrea,2013,Very Low,Very High,Very High
Thailand,2013,Medium,Medium,Low
Azerbaijan,2013,Medium,Medium,Medium
Republic of North Macedonia,2013,High,Low,Low
Venezuela,2013,Medium,Medium,Medium
Yemen,2013,Very Low,Very High,High
Gabon,2013,Medium,Medium,High
Tunisia,2013,Medium,Medium,Medium
South Africa,2013,Medium,Medium,Medium
Laos,2013,Low,High,High
Hungary,2013,High,Very Low,Very Low
Namibia,2013,Low,High,High
Syria,2013,Low,High,Medium
Nepal,2013,Low,High,High
Turkey,2013,Medium,Low,Low
Botswana,2013,Low,Medium,High
Bolivia,2013,Very Low,High,High
Lebanon,2013,Low,Low,Low
Moldova,2013,Low,Low,Medium
South Korea,2013,High,Very Low,Very Low
Iran,2013,Low,Medium,Low
Jordan,2013,Low,Medium,Medium
Italy,2013,Medium,Very Low,Very Low
Iraq,2013,Very Low,High,High
Ireland,2013,High,Very Low,Very Low
New Zealand,2013,High,Very Low,Very Low
Australia,2013,High,Very Low,Very Low
Samoa,2013,Very Low,Medium,Medium
Equatorial Guinea,2013,Very Low,High,Medium
Bulgaria,2013,Medium,Low,Low
Brazil,2013,Low,Low,Medium
Croatia,2013,Medium,Low,Low
Uruguay,2013,Low,Low,Low
Bahamas,2013,Low,Low,Low
United States,2013,Medium,Very Low,Very Low
Libya,2013,Very Low,Medium,Medium
Paraguay,2013,Very Low,High,High
Kazakhstan,2013,Very Low,Low,Low
Portugal,2013,Low,Very Low,Low
Austria,2013,Medium,Very Low,Very Low
Russia,2013,Low,Low,Low
Argentina,2013,Low,Low,Medium
United Kingdom,2013,Medium,Very Low,Very Low
Kuwait,2013,Very Low,Low,Very Low
Slovenia,2013,Medium,Very Low,Very Low
Slovakia,2013,Low,Very Low,Very Low
Czech Republic,2013,Low,Very Low,Very Low
Latvia,2013,Low,Low,Low
Poland,2013,Low,Very Low,Low
Belgium,2013,Medium,Very Low,Very Low
Spain,2013,Low,Very Low,Very Low
S?o Tom?? and Pr??ncipe,2013,Very Low,High,High
"Wei County, Xingtai",2013,Very Low,Low,Very Low
Germany,2013,Low,Very Low,Very Low
Canada,2013,Low,Very Low,Very Low
Lithuania,2013,Very Low,Very Low,Low
Ukraine,2013,Very Low,Low,Low
Mongolia,2013,Very Low,Medium,High
Ethiopia,2013,Low,Very Low,Very Low
France,2013,Low,Very Low,Very Low
Cyprus,2013,Very Low,Low,Very Low
Oman,2013,Very Low,Low,Low
Luxembourg,2013,Very Low,Very Low,Very Low
Switzerland,2013,Low,Very Low,Very Low
Seychelles,2013,Very Low,Low,Low
Estonia,2013,Very Low,Very Low,Low
Singapore,2013,Very Low,Very Low,Very Low
Israel,2013,Very Low,Low,Low
Norway,2013,Very Low,Very Low,Very Low
Egypt,2013,Very Low,Medium,Low
Finland,2013,Very Low,Very Low,Very Low
Sweden,2013,Very Low,Very Low,Very Low
United Arab Emirates,2013,Very Low,Very Low,Very Low
Bahrain,2013,Very Low,Low,Very Low
Kiribati,2013,Very Low,High,High
Island,2013,Very Low,Very Low,Very Low
Grenada,2013,Very Low,Medium,Medium
Saudi Arabia,2013,Very Low,Low,Low
Barbados,2013,Very Low,Very Low,Very Low
Malta,2013,Very Low,Low,Very Low
Qatar,2013,Very Low,Very Low,Very Low
Vanuatu,2015,Very High,High,High
Tonga,2015,Very High,Medium,Medium
Philippines,2015,Very High,High,High
Guatemala,2015,Very High,High,High
Solomon Islands,2015,Very High,Very High,High
Bangladesh,2015,Very High,High,High
Costa Rica,2015,Very High,Low,Medium
Cambodia,2015,Very High,High,High
Papua New Guinea,2015,Very High,Very High,Very High
El Salvador,2015,Very High,Medium,High
Timor-Leste,2015,Very High,High,Very High
Brunei,2015,Very High,Low,Low
Mauritius,2015,Very High,Low,Low
Nicaragua,2015,Very High,High,High
Guinea-Bissau,2015,Very High,Very High,Very High
Fiji,2015,Very High,Medium,Medium
Japan,2015,Very High,Very Low,Low
Vietnam,2015,Very High,Medium,Medium
Gambia,2015,Very High,High,High
Jamaica,2015,Very High,Medium,Medium
Haiti,2015,High,Very High,Very High
Guyana,2015,Very High,Medium,Medium
Niger,2015,High,Very High,Very High
Benin,2015,High,Very High,Very High
Dominican Republic,2015,Very High,Medium,Medium
Chile,2015,Very High,Low,Low
Madagascar,2015,High,Very High,Very High
Cameroon,2015,Very High,High,High
Chad,2015,High,Very High,Very High
Senegal,2015,Very High,High,High
Honduras,2015,Very High,High,High
Togo,2015,High,Very High,Very High
Burundi,2015,High,Very High,Very High
Sierra Leone,2015,High,Very High,Very High
Indonesia,2015,Very High,High,High
Cape Verde,2015,Very High,Medium,High
Albania,2015,Very High,Medium,Low
Djibouti,2015,High,High,High
Zimbabwe,2015,High,Very High,Very High
Afghanistan,2015,Medium,Very High,Very High
Burkina Faso,2015,High,Very High,Very High
Ivory Coast,2015,Medium,Very High,High
Myanmar,2015,High,High,High
Mozambique,2015,Medium,Very High,Very High
Mali,2015,Medium,Very High,Very High
Ghana,2015,High,High,High
Uzbekistan,2015,High,High,High
Guinea,2015,Medium,Very High,Very High
Suriname,2015,Very High,Medium,Medium
Netherlands,2015,Very High,Very Low,Very Low
Malawi,2015,Medium,Very High,Very High
Kyrgyzstan,2015,High,Medium,Medium
Mauritania,2015,Medium,Very High,Very High
Nigeria,2015,Medium,Very High,Very High
Sudan,2015,Medium,Very High,Very High
Tanzania,2015,Medium,Very High,Very High
Liberia,2015,Low,Very High,Very High
Bhutan,2015,High,High,High
Zambia,2015,Low,Very High,Very High
Eswatini,2015,Medium,High,High
Algeria,2015,High,Medium,Medium
Trinidad and Tobago,2015,Very High,Low,Low
Comoros,2015,Low,Very High,Very High
Ethiopia,2015,Low,Very High,Very High
Ecuador,2015,High,Medium,Medium
Sri Lanka,2015,High,Medium,Medium
Democratic Republic of the Congo,2015,Medium,Very High,Very High
Rwanda,2015,Medium,High,Very High
Panama,2015,High,Medium,Medium
Tajikistan,2015,Medium,High,High
Greece,2015,Very High,Very Low,Low
Pakistan,2015,Low,High,High
Central African Republic,2015,Low,Very High,Very High
Lesotho,2015,Low,High,Very High
Kenya,2015,Low,Very High,Very High
Turkmenistan,2015,Medium,High,Medium
Serbia,2015,Very High,Low,Low
India,2015,Medium,High,High
Peru,2015,High,Medium,Medium
China,2015,High,Medium,Medium
Morocco,2015,Medium,Medium,Medium
Colombia,2015,Medium,Medium,Medium
Uganda,2015,Low,Very High,Very High
Angola,2015,Low,Very High,Very High
Belize,2015,Medium,Medium,Medium
Georgia,2015,High,Medium,Medium
Rum,2015,High,Low,Medium
Malaysia,2015,High,Low,Low
Thailand,2015,Medium,Medium,Low
Gabon,2015,Medium,High,High
Eritrea,2015,Very Low,Very High,Very High
Mexico,2015,Medium,Medium,Medium
Bosnia and Herzegovina,2015,High,Low,Low
Armenia,2015,High,Low,Low
Republic of North Macedonia,2015,High,Low,Low
Cuba,2015,High,Very Low,Low
Yemen,2015,Very Low,Very High,High
Azerbaijan,2015,Medium,Medium,Medium
Venezuela,2015,Medium,Medium,Medium
Laos,2015,Low,High,High
Syria,2015,Low,High,Medium
Namibia,2015,Low,High,High
Tunisia,2015,Medium,Low,Low
Botswana,2015,Low,Medium,High
South Africa,2015,Medium,Medium,Medium
Hungary,2015,High,Very Low,Very Low
Turkey,2015,Medium,Low,Low
Nepal,2015,Very Low,High,High
Lebanon,2015,Low,Medium,Low
Moldova,2015,Low,Low,Medium
Iran,2015,Low,Medium,Low
Bolivia,2015,Very Low,High,High
South Korea,2015,High,Very Low,Very Low
Iraq,2015,Very Low,High,Medium
Equatorial Guinea,2015,Very Low,High,High
Jordan,2015,Low,Medium,Medium
Italy,2015,Medium,Very Low,Very Low
Ireland,2015,High,Very Low,Very Low
Bulgaria,2015,Medium,Low,Low
New Zealand,2015,High,Very Low,Very Low
Croatia,2015,Low,Low,Low
Bahamas,2015,Low,Low,Low
Brazil,2015,Low,Low,Medium
Australia,2015,High,Very Low,Very Low
Libya,2015,Very Low,Medium,Medium
Uruguay,2015,Low,Low,Low
United States,2015,Medium,Very Low,Very Low
Russia,2015,Low,Low,Low
Kazakhstan,2015,Very Low,Low,Low
Paraguay,2015,Very Low,High,Medium
Argentina,2015,Low,Low,Low
Austria,2015,Medium,Very Low,Very Low
United Kingdom,2015,Medium,Very Low,Low
Slovenia,2015,Medium,Very Low,Very Low
Portugal,2015,Low,Very Low,Low
Slovakia,2015,Low,Very Low,Very Low
Czech Republic,2015,Low,Very Low,Very Low
Latvia,2015,Low,Low,Low
Poland,2015,Low,Very Low,Low
Belgium,2015,Medium,Very Low,Very Low
Kuwait,2015,Very Low,Low,Very Low
Canada,2015,Low,Very Low,Very Low
Spain,2015,Low,Very Low,Very Low
Ukraine,2015,Very Low,Low,Low
"Wei County, Xingtai",2015,Very Low,Low,Very Low
Germany,2015,Low,Very Low,Very Low
Lithuania,2015,Very Low,Very Low,Low
Mongolia,2015,Very Low,Medium,High
Ethiopia,2015,Low,Very Low,Very Low
Cyprus,2015,Very Low,Low,Very Low
France,2015,Very Low,Very Low,Very Low
Oman,2015,Very Low,Low,Very Low
Seychelles,2015,Very Low,Low,Medium
Luxembourg,2015,Very Low,Very Low,Very Low
Switzerland,2015,Low,Very Low,Very Low
Estonia,2015,Very Low,Very Low,Low
Israel,2015,Very Low,Low,Low
Norway,2015,Very Low,Very Low,Very Low
Egypt,2015,Very Low,Medium,Low
Finland,2015,Very Low,Very Low,Very Low
Singapore,2015,Very Low,Very Low,Very Low
Sweden,2015,Very Low,Very Low,Very Low
"Ver, Manche",2015,Very Low,Very Low,Very Low
Bahrain,2015,Very Low,Low,Very Low
Kiribati,2015,Very Low,High,High
Island,2015,Very Low,Very Low,Very Low
Grenada,2015,Very Low,Medium,Medium
Barbados,2015,Very Low,Low,Very Low
Saudi Arabia,2015,Very Low,Low,Very Low
Malta,2015,Very Low,Low,Very Low
Qatar,2015,Very Low,Very Low,Very Low
Vanuatu,2014,Very High,High,High
Philippines,2014,Very High,High,High
Tonga,2014,Very High,Medium,Medium
Guatemala,2014,Very High,High,High
Bangladesh,2014,Very High,High,High
Solomon Islands,2014,Very High,Very High,High
Costa Rica,2014,Very High,Low,Medium
El Salvador,2014,Very High,High,High
Cambodia,2014,Very High,High,High
Papua New Guinea,2014,Very High,Very High,Very High
Timor-Leste,2014,Very High,High,Very High
Brunei,2014,Very High,Low,Low
Nicaragua,2014,Very High,High,High
Mauritius,2014,Very High,Low,Low
Guinea-Bissau,2014,Very High,Very High,Very High
Fiji,2014,Very High,Medium,Medium
Japan,2014,Very High,Very Low,Low
Vietnam,2014,Very High,Medium,Medium
Gambia,2014,Very High,High,High
Jamaica,2014,Very High,Medium,Medium
Haiti,2014,High,Very High,Very High
Guyana,2014,Very High,Medium,Medium
Dominican Republic,2014,Very High,Medium,Medium
Niger,2014,High,Very High,Very High
Benin,2014,High,Very High,Very High
Chile,2014,Very High,Low,Low
Chad,2014,High,Very High,Very High
Cameroon,2014,Very High,High,High
Madagascar,2014,High,Very High,Very High
Senegal,2014,Very High,High,High
Honduras,2014,Very High,High,High
Burundi,2014,High,Very High,Very High
Sierra Leone,2014,High,Very High,Very High
Indonesia,2014,Very High,High,High
Togo,2014,High,Very High,Very High
Cape Verde,2014,Very High,Medium,High
Albania,2014,Very High,Medium,Low
Zimbabwe,2014,High,Very High,Very High
Djibouti,2014,High,High,High
Afghanistan,2014,Medium,Very High,Very High
Burkina Faso,2014,High,Very High,Very High
Ivory Coast,2014,Medium,Very High,High
Myanmar,2014,High,High,High
Mozambique,2014,Medium,Very High,Very High
Mali,2014,Medium,Very High,Very High
Ghana,2014,High,High,High
Uzbekistan,2014,High,High,High
Guinea,2014,Medium,Very High,Very High
Suriname,2014,Very High,Medium,Medium
Kyrgyzstan,2014,High,Medium,Medium
Netherlands,2014,Very High,Very Low,Very Low
Nigeria,2014,Medium,Very High,Very High
Malawi,2014,Medium,Very High,Very High
Mauritania,2014,Medium,Very High,Very High
Tanzania,2014,Medium,Very High,Very High
Sudan,2014,Medium,Very High,Very High
Liberia,2014,Low,Very High,Very High
Bhutan,2014,High,High,High
Eswatini,2014,Medium,High,High
Algeria,2014,High,Medium,Medium
Ecuador,2014,High,Medium,Medium
Zambia,2014,Low,Very High,Very High
Ethiopia,2014,Low,Very High,Very High
Congo,2014,Medium,Very High,Very High
Trinidad and Tobago,2014,Very High,Low,Low
Comoros,2014,Low,Very High,Very High
Sri Lanka,2014,High,Medium,Medium
Panama,2014,High,Medium,Medium
Rwanda,2014,Medium,High,Very High
Tajikistan,2014,Medium,High,High
Greece,2014,Very High,Very Low,Low
Pakistan,2014,Low,High,High
India,2014,Medium,High,High
Lesotho,2014,Low,High,Very High
Kenya,2014,Low,Very High,Very High
Serbia,2014,Very High,Low,Low
Peru,2014,High,Medium,Medium
China,2014,High,Medium,Medium
Colombia,2014,Medium,Medium,Medium
Morocco,2014,Medium,Medium,Medium
Georgia,2014,High,Medium,Medium
Central African Republic,2014,Low,Very High,Very High
Turkmenistan,2014,Medium,Medium,Medium
Uganda,2014,Low,Very High,Very High
Angola,2014,Low,Very High,Very High
Belize,2014,Medium,Medium,Medium
Romania,2014,High,Low,Medium
Malaysia,2014,High,Medium,Low
Cuba,2014,High,Low,Low
Thailand,2014,Medium,Medium,Low
Mexico,2014,Medium,Medium,Medium
Gabon,2014,Medium,High,High
Eritrea,2014,Very Low,Very High,Very High
Armenia,2014,High,Low,Low
Bosnia and Herzegovina,2014,High,Low,Low
Republic of North Macedonia,2014,High,Low,Low
Yemen,2014,Very Low,Very High,High
Azerbaijan,2014,Medium,Medium,Medium
Venezuela,2014,Medium,Low,Medium
Laos,2014,Low,High,High
Namibia,2014,Low,High,High
Syria,2014,Low,High,Medium
Tunisia,2014,Medium,Low,Low
Hungary,2014,High,Very Low,Very Low
Botswana,2014,Low,Medium,High
South Africa,2014,Medium,Low,Medium
Turkey,2014,Medium,Low,Low
Nepal,2014,Very Low,High,High
Bolivia,2014,Very Low,High,High
Lebanon,2014,Low,Medium,Low
Moldova,2014,Low,Low,Medium
Iran,2014,Low,Medium,Low
Iraq,2014,Very Low,High,Medium
South Korea,2014,High,Very Low,Very Low
Jordan,2014,Low,Medium,Medium
Equatorial Guinea,2014,Very Low,High,Medium
Ireland,2014,High,Very Low,Very Low
Italy,2014,Medium,Very Low,Low
Brazil,2014,Low,Medium,Medium
Croatia,2014,Low,Low,Low
Bulgaria,2014,Medium,Low,Low
New Zealand,2014,High,Very Low,Very Low
Bahamas,2014,Low,Low,Low
Uruguay,2014,Low,Low,Low
Libya,2014,Very Low,Medium,Medium
Australia,2014,High,Very Low,Very Low
United States,2014,Medium,Very Low,Very Low
Russia,2014,Low,Low,Low
Kazakhstan,2014,Very Low,Low,Low
Paraguay,2014,Very Low,High,High
Argentina,2014,Low,Low,Low
Slovenia,2014,Medium,Very Low,Very Low
Portugal,2014,Low,Very Low,Low
Austria,2014,Medium,Very Low,Very Low
Slovakia,2014,Low,Very Low,Very Low
United Kingdom,2014,Medium,Very Low,Very Low
Czech Republic,2014,Low,Very Low,Very Low
Latvia,2014,Low,Low,Low
Belgium,2014,Medium,Very Low,Very Low
Kuwait,2014,Very Low,Low,Very Low
Poland,2014,Low,Very Low,Low
Spain,2014,Low,Very Low,Very Low
Canada,2014,Low,Very Low,Very Low
Belarus,2014,Very Low,Low,Very Low
Ukraine,2014,Very Low,Low,Low
Lithuania,2014,Very Low,Very Low,Low
Germany,2014,Low,Very Low,Very Low
Mongolia,2014,Very Low,Medium,High
Denmark,2014,Low,Very Low,Very Low
Cyprus,2014,Very Low,Low,Very Low
Oman,2014,Very Low,Low,Very Low
France,2014,Very Low,Very Low,Very Low
Luxembourg,2014,Very Low,Very Low,Very Low
Seychelles,2014,Very Low,Low,Medium
Switzerland,2014,Low,Very Low,Very Low
Estonia,2014,Very Low,Very Low,Low
Israel,2014,Very Low,Low,Low
Norway,2014,Very Low,Very Low,Very Low
Egypt,2014,Very Low,Medium,Low
Singapore,2014,Very Low,Very Low,Very Low
Finland,2014,Very Low,Very Low,Very Low
Sweden,2014,Very Low,Very Low,Very Low
United Arab Emirates,2014,Very Low,Very Low,Very Low
Bahrain,2014,Very Low,Low,Very Low
Kiribati,2014,Very Low,High,High
Iceland,2014,Very Low,Very Low,Very Low
Grenada,2014,Very Low,Medium,Medium
Barbados,2014,Very Low,Very Low,Very Low
Saudi Arabia,2014,Very Low,Low,Very Low
Malta,2014,Very Low,Low,Very Low
Qatar,2014,Very Low,Very Low,Very Low
Vanuatu,2021,Very High,High,High
Solomon Islands,2021,Very High,High,Very High
Tonga,2021,Very High,Medium,High
Dominica,2021,Very High,Medium,Medium
Antigua and Barbuda,2021,Very High,Low,Medium
Brunei,2021,Very High,Low,Very Low
Guyana,2021,Very High,High,Medium
Philippines,2021,Very High,High,High
Papua New Guinea,2021,Very High,Very High,Very High
Guatemala,2021,Very High,High,High
Cape Verde,2021,Very High,Medium,High
Costa Rica,2021,Very High,Low,Low
Bangladesh,2021,Very High,High,High
Fiji,2021,Very High,Medium,Medium
Cambodia,2021,Very High,High,High
Timor-Leste,2021,Very High,High,High
Djibouti,2021,Very High,High,High
El Salvador,2021,Very High,High,Medium
Kiribati,2021,Very High,High,High
Comoros,2021,Very High,Very High,Very High
Haiti,2021,Very High,Very High,Very High
Nicaragua,2021,Very High,High,High
Niger,2021,High,Very High,Very High
Guinea-Bissau,2021,High,Very High,Very High
Cameroon,2021,Very High,Very High,Very High
Nigeria,2021,High,Very High,Very High
Uruguay,2021,Very High,Low,Low
Gambia,2021,High,Very High,High
Jamaica,2021,Very High,Medium,Medium
Chad,2021,High,Very High,Very High
Benin,2021,High,Very High,Very High
Dominican Republic,2021,Very High,Medium,Medium
Chile,2021,Very High,Low,Low
Honduras,2021,Very High,High,High
Burkina Faso,2021,High,Very High,Very High
Togo,2021,High,Very High,Very High
Mali,2021,High,Very High,Very High
Indonesia,2021,Very High,High,Medium
Madagascar,2021,High,Very High,Very High
Burundi,2021,High,Very High,Very High
Kenya,2021,High,Very High,Very High
Angola,2021,High,Very High,Very High
Vietnam,2021,Very High,Medium,Medium
Ivory Coast,2021,High,Very High,Very High
Senegal,2021,High,High,High
Japan,2021,Very High,Very Low,Low
Sierra Leone,2021,Medium,Very High,Very High
Ghana,2021,High,High,High
Zimbabwe,2021,Medium,Very High,Very High
Mozambique,2021,Medium,Very High,Very High
Mauritius,2021,Very High,Low,Low
Tanzania,2021,Medium,Very High,Very High
Malawi,2021,Medium,Very High,Very High
Liberia,2021,Medium,Very High,Very High
Ecuador,2021,High,Medium,Medium
Congo,2021,Low,Very High,Very High
Trinidad and Tobago,2021,Very High,Low,Low
Guinea,2021,Medium,Very High,Very High
Uganda,2021,Medium,Very High,Very High
Sudan,2021,Medium,Very High,Very High
Albania,2021,Very High,Low,Low
Mauritania,2021,Medium,Very High,High
Afghanistan,2021,Medium,Very High,Very High
Belize,2021,High,Medium,High
Venezuela,2021,High,High,Medium
Netherlands,2021,Very High,Very Low,Very Low
Ethiopia,2021,Low,Very High,Very High
Uzbekistan,2021,High,High,High
Eswatini,2021,Medium,High,High
Panama,2021,High,Medium,Medium
Malaysia,2021,High,Low,Low
Zambia,2021,Medium,Very High,Very High
Algeria,2021,High,Medium,Medium
Central African Republic,2021,Low,Very High,Very High
Sri Lanka,2021,High,Medium,Medium
Rwanda,2021,Medium,High,Very High
Suriname,2021,High,High,High
Equatorial Guinea,2021,Medium,High,High
Kyrgyzstan,2021,High,Medium,Medium
Myanmar,2021,Medium,High,High
Federated States of Micronesia,2021,Medium,High,High
Greece,2021,Very High,Very Low,Low
Eritrea,2021,Low,Very High,Very High
Congo,2021,Low,Very High,Very High
Pakistan,2021,Low,High,High
Montenegro,2021,High,Low,Low
Peru,2021,High,Medium,Medium
Colombia,2021,Medium,Medium,Medium
Lesotho,2021,Low,High,High
India,2021,Medium,High,High
Gabon,2021,Medium,High,High
Thailand,2021,Medium,Medium,Low
South Africa,2021,Medium,Medium,High
Mexico,2021,Medium,Medium,Low
China,2021,Medium,Low,Medium
Namibia,2021,Low,High,High
Tunisia,2021,Medium,Medium,Low
Turkmenistan,2021,Medium,Medium,Medium
Tajikistan,2021,Medium,Medium,High
Republic of North Macedonia,2021,Medium,Low,Low
Morocco,2021,Medium,Medium,Medium
Azerbaijan,2021,Medium,Low,Low
Syria,2021,Low,High,Medium
Iraq,2021,Low,High,Medium
Cuba,2021,High,Low,Low
Yemen,2021,Very Low,Very High,High
Rum,2021,High,Low,Low
Georgia,2021,High,Low,Medium
Samoa,2021,Low,Medium,Medium
Lebanon,2021,Low,Medium,Low
Serbia,2021,Medium,Low,Medium
Armenia,2021,Medium,Low,Low
Turkey,2021,Medium,Low,Low
Hungary,2021,High,Very Low,Very Low
Iran,2021,Low,Medium,Medium
Brazil,2021,Low,Medium,Medium
New Zealand,2021,High,Very Low,Very Low
Seychelles,2021,Low,Low,Low
Italy,2021,High,Very Low,Low
Bolivia,2021,Very Low,High,High
Bosnia and Herzegovina,2021,Low,Medium,Low
Nepal,2021,Very Low,High,High
Australia,2021,High,Very Low,Very Low
Saint Lucia,2021,Low,Medium,Medium
Ireland,2021,High,Very Low,Very Low
Laos,2021,Very Low,High,High
Kuwait,2021,Low,Low,Very Low
Bahamas,2021,Low,Low,Low
Croatia,2021,Low,Low,Low
Bulgaria,2021,Low,Low,Low
Jordan,2021,Very Low,Medium,Medium
Moldova,2021,Low,Low,Low
"Ver, Manche",2021,Medium,Very Low,Very Low
Botswana,2021,Very Low,Medium,High
Spain,2021,Low,Very Low,Very Low
Paraguay,2021,Very Low,Medium,Medium
Russia,2021,Very Low,Low,Low
Portugal,2021,Low,Very Low,Very Low
Argentina,2021,Low,Low,Low
United Kingdom,2021,Medium,Very Low,Very Low
Kazakhstan,2021,Very Low,Low,Low
Libya,2021,Very Low,Medium,Medium
Slovenia,2021,Low,Very Low,Very Low
Slovakia,2021,Low,Very Low,Very Low
Bhutan,2021,Very Low,Medium,Medium
Cyprus,2021,Very Low,Low,Very Low
United Arab Emirates,2021,Low,Very Low,Very Low
South Korea,2021,Low,Very Low,Very Low
Poland,2021,Very Low,Very Low,Very Low
Austria,2021,Medium,Very Low,Very Low
Czech Republic,2021,Low,Very Low,Very Low
Latvia,2021,Very Low,Very Low,Low
Mongolia,2021,Very Low,Medium,High
Bahrain,2021,Very Low,Low,Very Low
Norway,2021,Low,Very Low,Very Low
Canada,2021,Low,Very Low,Very Low
Israel,2021,Very Low,Very Low,Low
Ethiopia,2021,Low,Very Low,Very Low
Ukraine,2021,Very Low,Low,Low
Belgium,2021,Low,Very Low,Very Low
Germany,2021,Low,Very Low,Very Low
Belarus,2021,Very Low,Very Low,Very Low
S?o Tom?? and Pr??ncipe,2021,Very Low,High,Very High
Oman,2021,Very Low,Low,Medium
Luxembourg,2021,Very Low,Very Low,Very Low
France,2021,Low,Very Low,Very Low
Singapore,2021,Very Low,Very Low,Very Low
Sweden,2021,Very Low,Very Low,Very Low
Lithuania,2021,Very Low,Very Low,Low
Switzerland,2021,Very Low,Very Low,Very Low
Finland,2021,Very Low,Very Low,Very Low
Estonia,2021,Very Low,Very Low,Very Low
Egypt,2021,Very Low,High,Medium
Island,2021,Very Low,Very Low,Very Low
Maldives,2021,Very Low,Low,Very Low
Barbados,2021,Very Low,Low,Low
Grenada,2021,Very Low,Medium,Medium
Saudi Arabia,2021,Very Low,Low,Very Low
Saint Vincent and the Grenadines,2021,Very Low,Medium,Medium
Malta,2021,Very Low,Very Low,Very Low
Qatar,2021,Very Low,Low,Very Low
Vanuatu,2017,Very High,High,High
Tonga,2017,Very High,Medium,Medium
Philippines,2017,Very High,High,High
Guatemala,2017,Very High,High,High
Bangladesh,2017,Very High,High,High
Solomon Islands,2017,Very High,High,High
Costa Rica,2017,Very High,Low,Medium
Cambodia,2017,Very High,High,High
El Salvador,2017,Very High,Medium,Medium
Timor-Leste,2017,Very High,Very High,Very High
Papua New Guinea,2017,Very High,Very High,Very High
Brunei,2017,Very High,Low,Very Low
Mauritius,2017,Very High,Low,Low
Nicaragua,2017,Very High,High,High
Fiji,2017,Very High,Medium,Medium
Guinea-Bissau,2017,Very High,Very High,Very High
Japan,2017,Very High,Very Low,Low
Vietnam,2017,Very High,Medium,Medium
Jamaica,2017,Very High,Medium,Medium
Gambia,2017,Very High,High,High
Haiti,2017,High,Very High,Very High
Chile,2017,Very High,Low,Low
Guyana,2017,Very High,Medium,Medium
Niger,2017,High,Very High,Very High
Benin,2017,High,Very High,Very High
Dominican Republic,2017,Very High,Medium,Medium
Cameroon,2017,Very High,High,High
Madagascar,2017,High,Very High,Very High
Chad,2017,High,Very High,Very High
Senegal,2017,Very High,High,Very High
Honduras,2017,Very High,High,High
Cape Verde,2017,Very High,High,High
Indonesia,2017,Very High,High,High
Togo,2017,High,Very High,Very High
Burundi,2017,High,Very High,Very High
Sierra Leone,2017,High,Very High,Very High
Djibouti,2017,High,High,High
Zimbabwe,2017,High,Very High,Very High
Albania,2017,Very High,Medium,Low
Afghanistan,2017,Medium,Very High,Very High
Burkina Faso,2017,High,Very High,Very High
Myanmar,2017,High,High,High
Ivory Coast,2017,Medium,Very High,Very High
Mozambique,2017,Medium,Very High,Very High
Ghana,2017,High,High,High
Mali,2017,Medium,Very High,Very High
Uzbekistan,2017,High,High,High
Suriname,2017,Very High,Medium,Medium
Guinea,2017,Medium,Very High,Very High
Netherlands,2017,Very High,Very Low,Very Low
Kyrgyzstan,2017,High,Medium,Medium
Mauritania,2017,Medium,Very High,Very High
Nigeria,2017,Medium,Very High,Very High
Malawi,2017,Medium,Very High,Very High
Sudan,2017,Medium,Very High,Very High
Tanzania,2017,Medium,Very High,Very High
Bhutan,2017,High,High,High
Liberia,2017,Low,Very High,Very High
Algeria,2017,High,Medium,Medium
Ecuador,2017,High,Medium,Medium
Eswatini,2017,Medium,High,High
Trinidad and Tobago,2017,Very High,Low,Low
Sri Lanka,2017,High,Medium,Medium
Zambia,2017,Low,Very High,Very High
Ethiopia,2017,Low,Very High,Very High
Comoros,2017,Low,Very High,Very High
Panama,2017,High,Medium,Medium
Democratic Republic of the Congo,2017,Medium,Very High,Very High
Rwanda,2017,Medium,High,Very High
Serbia,2017,Very High,Low,Low
Tajikistan,2017,Medium,High,High
Greece,2017,Very High,Very Low,Low
Pakistan,2017,Low,High,High
Lesotho,2017,Low,High,Very High
India,2017,Medium,High,High
Kenya,2017,Low,Very High,Very High
Peru,2017,High,Medium,Medium
Morocco,2017,Medium,High,Medium
Central African Republic,2017,Low,Very High,Very High
China,2017,High,Medium,Medium
Colombia,2017,Medium,Medium,Medium
Uganda,2017,Low,Very High,Very High
Turkmenistan,2017,Medium,Medium,Medium
Georgia,2017,High,Medium,Medium
Belize,2017,Medium,Medium,Medium
Angola,2017,Low,Very High,Very High
Armenia,2017,High,Low,Low
Rum,2017,High,Low,Low
Malaysia,2017,High,Low,Low
Cuba,2017,High,Low,Low
Republic of North Macedonia,2017,Medium,Medium,Low
Eritrea,2017,Very Low,Very High,Very High
Bosnia and Herzegovina,2017,High,Low,Low
Mexico,2017,Medium,Medium,Medium
Gabon,2017,Medium,Medium,High
Thailand,2017,High,Low,Low
Yemen,2017,Very Low,Very High,High
Venezuela,2017,Medium,Medium,Medium
Azerbaijan,2017,Medium,Medium,Medium
Laos,2017,Low,High,High
Syria,2017,Low,High,Medium
Tunisia,2017,Medium,Medium,Low
South Africa,2017,Medium,Medium,Medium
Namibia,2017,Low,High,High
Hungary,2017,High,Very Low,Very Low
Turkey,2017,Medium,Low,Low
Nepal,2017,Very Low,High,High
Botswana,2017,Low,Medium,High
Lebanon,2017,Low,Low,Low
Moldova,2017,Low,Low,Medium
Bolivia,2017,Very Low,High,High
Iran,2017,Low,Medium,Low
South Korea,2017,High,Very Low,Very Low
Iraq,2017,Very Low,High,High
Jordan,2017,Low,Medium,Medium
Italy,2017,Medium,Very Low,Low
Equatorial Guinea,2017,Very Low,High,Medium
Ireland,2017,High,Very Low,Very Low
New Zealand,2017,High,Very Low,Very Low
Bulgaria,2017,Medium,Low,Low
Australia,2017,High,Very Low,Very Low
Brazil,2017,Low,Low,Medium
Croatia,2017,Low,Low,Low
Bahamas,2017,Low,Low,Low
Uruguay,2017,Low,Low,Low
"Ver, Manche",2017,Medium,Very Low,Very Low
Libya,2017,Very Low,Medium,Medium
Russia,2017,Low,Low,Low
Kazakhstan,2017,Very Low,Low,Low
Paraguay,2017,Very Low,High,High
Argentina,2017,Low,Low,Low
Portugal,2017,Low,Very Low,Low
Austria,2017,Medium,Very Low,Very Low
Slovenia,2017,Medium,Very Low,Very Low
United Kingdom,2017,Medium,Very Low,Very Low
Slovakia,2017,Low,Very Low,Very Low
Czech Republic,2017,Low,Very Low,Very Low
Kuwait,2017,Very Low,Low,Very Low
Latvia,2017,Low,Low,Low
Poland,2017,Low,Very Low,Low
Belgium,2017,Medium,Very Low,Very Low
Spain,2017,Low,Very Low,Very Low
"Wei County, Xingtai",2017,Very Low,Low,Low
Canada,2017,Low,Very Low,Very Low
Ukraine,2017,Very Low,Low,Low
Germany,2017,Low,Very Low,Very Low
Mongolia,2017,Very Low,Medium,High
Lithuania,2017,Very Low,Very Low,Low
Ethiopia,2017,Low,Very Low,Very Low
Cyprus,2017,Very Low,Low,Very Low
France,2017,Very Low,Very Low,Very Low
Oman,2017,Very Low,Low,Very Low
Seychelles,2017,Very Low,Low,Medium
Luxembourg,2017,Very Low,Very Low,Very Low
Switzerland,2017,Low,Very Low,Very Low
Estonia,2017,Very Low,Very Low,Low
Israel,2017,Very Low,Low,Low
Singapore,2017,Very Low,Very Low,Very Low
Egypt,2017,Very Low,Medium,Medium
Norway,2017,Very Low,Very Low,Very Low
Finland,2017,Very Low,Very Low,Very Low
Sweden,2017,Very Low,Very Low,Very Low
United Arab Emirates,2017,Very Low,Very Low,Very Low
Bahrain,2017,Very Low,Low,Very Low
Kiribati,2017,Very Low,High,High
Island,2017,Very Low,Very Low,Very Low
Grenada,2017,Very Low,Medium,Medium
Barbados,2017,Very Low,Very Low,Very Low
Saudi Arabia,2017,Very Low,Low,Very Low
Malta,2017,Very Low,Low,Very Low
Qatar,2017,Very Low,Very Low,Very Low
Vanuatu,2019,Very High,High,High
Antigua and Barbuda,2019,Very High,Medium,Medium
Tonga,2019,Very High,Medium,Medium
Solomon Islands,2019,Very High,High,Very High
Guyana,2019,Very High,High,Medium
Papua New Guinea,2019,Very High,Very High,Very High
Brunei,2019,Very High,Low,Very Low
Guatemala,2019,Very High,High,High
Philippines,2019,Very High,High,High
Bangladesh,2019,Very High,High,High
Cape Verde,2019,Very High,Medium,High
Fiji,2019,Very High,Medium,Medium
Costa Rica,2019,Very High,Low,Low
Djibouti,2019,Very High,High,High
Timor-Leste,2019,Very High,High,Very High
Haiti,2019,Very High,Very High,Very High
Cambodia,2019,Very High,High,High
El Salvador,2019,Very High,Medium,Medium
Kiribati,2019,Very High,High,High
Comoros,2019,Very High,Very High,High
Nicaragua,2019,Very High,High,High
Niger,2019,High,Very High,Very High
Guinea-Bissau,2019,High,Very High,Very High
Nigeria,2019,Very High,Very High,Very High
Cameroon,2019,Very High,Very High,Very High
Uruguay,2019,Very High,Low,Low
Chile,2019,Very High,Low,Low
Benin,2019,High,Very High,Very High
Gambia,2019,High,Very High,High
Jamaica,2019,Very High,Medium,Medium
Chad,2019,High,Very High,Very High
Dominican Republic,2019,Very High,Medium,Medium
Honduras,2019,Very High,High,High
Burkina Faso,2019,High,Very High,Very High
Togo,2019,High,Very High,Very High
Mali,2019,High,Very High,Very High
Indonesia,2019,Very High,High,Medium
Angola,2019,High,Very High,Very High
Madagascar,2019,High,Very High,Very High
Vietnam,2019,Very High,Medium,Medium
Kenya,2019,High,Very High,Very High
Burundi,2019,High,Very High,Very High
Ivory Coast,2019,High,Very High,Very High
Senegal,2019,High,High,High
Sierra Leone,2019,Medium,Very High,Very High
Mozambique,2019,Medium,Very High,Very High
Mauritius,2019,Very High,Low,Low
Liberia,2019,Medium,Very High,Very High
Trinidad and Tobago,2019,Very High,Low,Low
Ghana,2019,High,High,High
Tanzania,2019,Medium,Very High,Very High
Zimbabwe,2019,Medium,Very High,Very High
Afghanistan,2019,Medium,Very High,Very High
Japan,2019,Very High,Very Low,Low
Malawi,2019,Medium,Very High,Very High
Congo,2019,Low,Very High,Very High
Uganda,2019,Medium,Very High,Very High
Guinea,2019,Medium,Very High,Very High
Sudan,2019,Medium,Very High,Very High
Ecuador,2019,High,Medium,Medium
Albania,2019,Very High,Low,Low
Belize,2019,High,Medium,Medium
Uzbekistan,2019,High,High,High
Zambia,2019,Medium,Very High,Very High
Ethiopia,2019,Low,Very High,Very High
Central African Republic,2019,Low,Very High,Very High
Mauritania,2019,Low,Very High,High
Panama,2019,High,Medium,Medium
Venezuela,2019,High,Medium,Medium
Algeria,2019,High,Medium,Medium
Malaysia,2019,High,Low,Low
Federated States of Micronesia,2019,Medium,High,High
Sri Lanka,2019,High,Medium,Medium
Equatorial Guinea,2019,Medium,High,High
Rwanda,2019,Medium,High,Very High
Suriname,2019,High,High,High
Netherlands,2019,Very High,Very Low,Very Low
Kyrgyzstan,2019,High,Medium,Medium
Myanmar,2019,Medium,High,High
Pakistan,2019,Medium,High,High
Congo,2019,Low,Very High,Very High
Eritrea,2019,Very Low,Very High,Very High
Greece,2019,Very High,Very Low,Low
Lesotho,2019,Low,High,Very High
India,2019,Medium,High,High
Gabon,2019,Medium,High,High
Peru,2019,High,Medium,Medium
Montenegro,2019,High,Low,Low
Colombia,2019,High,Medium,Medium
Eswatini,2019,Low,High,High
Thailand,2019,High,Medium,Low
South Africa,2019,Medium,Medium,High
Tajikistan,2019,Medium,High,High
Samoa,2019,Medium,Medium,Medium
Mexico,2019,Medium,Medium,Medium
Iraq,2019,Low,High,High
Syria,2019,Low,High,Medium
China,2019,Medium,Low,Medium
Morocco,2019,Low,Medium,Medium
Namibia,2019,Low,High,High
Republic of North Macedonia,2019,Medium,Low,Low
Tunisia,2019,Medium,Medium,Medium
Azerbaijan,2019,Medium,Low,Low
Armenia,2019,Medium,Low,Low
Cuba,2019,High,Low,Low
Turkmenistan,2019,Medium,Medium,High
"Rum, Hungary",2019,High,Low,Low
Yemen,2019,Very Low,Very High,High
Georgia,2019,Medium,Low,Medium
Lebanon,2019,Low,Medium,Low
Serbia,2019,Medium,Low,Low
Seychelles,2019,Medium,Low,Low
Turkey,2019,Low,Low,Low
Hungary,2019,High,Very Low,Very Low
Iran,2019,Low,Medium,Low
Nepal,2019,Very Low,High,High
Bolivia,2019,Low,High,High
Brazil,2019,Low,Medium,Medium
Bosnia and Herzegovina,2019,Low,Low,Low
New Zealand,2019,High,Very Low,Very Low
Italy,2019,High,Very Low,Low
Laos,2019,Very Low,High,High
Saint Lucia,2019,Low,Medium,Medium
Australia,2019,High,Very Low,Very Low
Kuwait,2019,Medium,Low,Very Low
Ireland,2019,High,Very Low,Very Low
Bahamas,2019,Low,Low,Low
Botswana,2019,Very Low,High,High
Bulgaria,2019,Low,Low,Low
Jordan,2019,Very Low,Medium,Medium
Moldova,2019,Low,Low,Medium
Croatia,2019,Low,Very Low,Low
"Ver, Manche",2019,Medium,Very Low,Very Low
United Arab Emirates,2019,Low,Low,Very Low
Kazakhstan,2019,Very Low,Low,Low
Argentina,2019,Very Low,Low,Low
Russia,2019,Very Low,Low,Low
Spain,2019,Low,Very Low,Very Low
Portugal,2019,Low,Very Low,Low
Slovenia,2019,Low,Very Low,Very Low
Libya,2019,Very Low,Medium,Medium
Paraguay,2019,Very Low,Medium,Medium
Bhutan,2019,Very Low,High,Medium
United Kingdom,2019,Medium,Very Low,Very Low
Israel,2019,Very Low,Low,Low
Slovakia,2019,Low,Very Low,Very Low
South Korea,2019,Low,Very Low,Very Low
Canada,2019,Low,Very Low,Very Low
Mongolia,2019,Very Low,Medium,High
Czech Republic,2019,Low,Very Low,Very Low
Poland,2019,Very Low,Very Low,Very Low
Latvia,2019,Very Low,Very Low,Low
Bahrain,2019,Very Low,Low,Very Low
Austria,2019,Medium,,Very Low
Cyprus,2019,Very Low,Low,Very Low
Belgium,2019,Low,Very Low,Very Low
Oman,2019,Very Low,Low,Medium
Ukraine,2019,Very Low,Low,Low
Ethiopia,2019,Low,Very Low,Very Low
"Wei County, Xingtai",2019,Very Low,Very Low,Very Low
Singapore,2019,Very Low,Very Low,Very Low
S?o Tom?? and Pr??ncipe,2019,Very Low,High,High
Germany,2019,Low,,Very Low
France,2019,Very Low,Very Low,Very Low
Luxembourg,2019,Very Low,Very Low,Very Low
Norway,2019,Low,,Very Low
Lithuania,2019,Very Low,Very Low,Low
Sweden,2019,Very Low,Very Low,Very Low
Maldives,2019,Very Low,Medium,Low
Switzerland,2019,Very Low,Very Low,Very Low
Estonia,2019,Very Low,Very Low,Very Low
Finland,2019,Very Low,Very Low,Very Low
Egypt,2019,Very Low,Medium,Medium
Island,2019,Very Low,Very Low,Very Low
Barbados,2019,Very Low,Low,Low
Saudi Arabia,2019,Very Low,Low,Very Low
Grenada,2019,Very Low,Medium,Medium
Saint Vincent and the Grenadines,2019,Very Low,Medium,Medium
Malta,2019,Very Low,Very Low,Very Low
Qatar,2019,Very Low,Low,Very Low
Vanuatu,2020,Very High,High,High
Tonga,2020,Very High,High,High
Dominica,2020,Very High,Medium,Medium
Antigua and Barbuda,2020,Very High,Low,Medium
Solomon Islands,2020,Very High,High,Very High
Guyana,2020,Very High,High,Medium
Brunei,2020,Very High,Low,Very Low
Papua New Guinea,2020,Very High,Very High,Very High
Philippines,2020,Very High,High,High
Guatemala,2020,Very High,High,High
Cape Verde,2020,Very High,Medium,High
Costa Rica,2020,Very High,Low,Low
Bangladesh,2020,Very High,High,High
Djibouti,2020,Very High,High,High
Fiji,2020,Very High,Medium,Medium
Cambodia,2020,Very High,High,High
El Salvador,2020,Very High,High,Medium
Kiribati,2020,Very High,High,High
Comoros,2020,Very High,Very High,Very High
Nicaragua,2020,Very High,High,High
Timor-Leste,2020,Very High,High,High
Haiti,2020,Very High,Very High,Very High
Niger,2020,High,Very High,Very High
Guinea-Bissau,2020,High,Very High,Very High
Nigeria,2020,High,Very High,Very High
Cameroon,2020,Very High,Very High,Very High
Uruguay,2020,Very High,Low,Low
Gambia,2020,Very High,Very High,High
Jamaica,2020,Very High,Medium,Medium
Chile,2020,Very High,Low,Low
Chad,2020,High,Very High,Very High
Dominican Republic,2020,Very High,Medium,Medium
Benin,2020,High,Very High,Very High
Burkina Faso,2020,High,Very High,Very High
Honduras,2020,Very High,High,High
Togo,2020,High,Very High,Very High
Mali,2020,High,Very High,Very High
Madagascar,2020,High,Very High,Very High
Angola,2020,High,Very High,Very High
Indonesia,2020,Very High,High,Medium
Kenya,2020,High,Very High,Very High
Burundi,2020,High,Very High,Very High
Vietnam,2020,Very High,Medium,Medium
Ivory Coast,2020,High,Very High,Very High
Senegal,2020,High,High,High
Japan,2020,Very High,Very Low,Low
Trinidad and Tobago,2020,Very High,Low,Medium
Sierra Leone,2020,Medium,Very High,Very High
Liberia,2020,Medium,Very High,Very High
Ghana,2020,High,High,High
Zimbabwe,2020,Medium,Very High,Very High
Mozambique,2020,Medium,Very High,Very High
Mauritius,2020,Very High,Low,Low
Tanzania,2020,Medium,Very High,Very High
Malawi,2020,Medium,Very High,Very High
Congo,2020,Low,Very High,Very High
Afghanistan,2020,Medium,Very High,Very High
Uganda,2020,Medium,Very High,Very High
Guinea,2020,Medium,Very High,Very High
Albania,2020,Very High,Low,Low
Sudan,2020,Medium,Very High,Very High
Ecuador,2020,High,Medium,Medium
Panama,2020,High,Medium,Medium
Belize,2020,High,Medium,High
Netherlands,2020,Very High,Very Low,Very Low
Venezuela,2020,High,High,Medium
Mauritania,2020,Medium,Very High,High
Ethiopia,2020,Low,Very High,Very High
Uzbekistan,2020,High,High,High
Zambia,2020,Medium,Very High,Very High
Central African Republic,2020,Low,Very High,Very High
Malaysia,2020,High,Low,Low
Federated States of Micronesia,2020,High,High,High
Sri Lanka,2020,High,Medium,Medium
Rwanda,2020,Medium,Very High,Very High
Algeria,2020,High,Medium,Low
Suriname,2020,High,Medium,High
Kyrgyzstan,2020,High,Medium,Medium
Equatorial Guinea,2020,Medium,High,High
Greece,2020,Very High,Very Low,Low
Myanmar,2020,Medium,High,High
Montenegro,2020,High,Low,Low
Congo,2020,Low,Very High,Very High
Eritrea,2020,Low,Very High,Very High
Gabon,2020,Medium,High,High
Lesotho,2020,Low,High,High
Pakistan,2020,Low,High,High
Colombia,2020,High,Medium,Medium
India,2020,Medium,High,High
Thailand,2020,High,Medium,Low
Eswatini,2020,Low,High,High
Peru,2020,Medium,Medium,Medium
South Africa,2020,Medium,Medium,High
Namibia,2020,Low,High,High
Syria,2020,Low,High,Medium
Iraq,2020,Low,High,Medium
Mexico,2020,Medium,Medium,Low
Samoa,2020,Medium,High,Medium
Rum,2020,High,Low,Low
Cuba,2020,High,Low,Low
China,2020,Medium,Low,Medium
Tajikistan,2020,Low,High,High
Morocco,2020,Medium,Medium,Medium
Republic of North Macedonia,2020,Medium,Low,Low
Armenia,2020,Medium,Low,Low
Azerbaijan,2020,Medium,Low,Low
Georgia,2020,Medium,Low,Medium
Tunisia,2020,Medium,Medium,Low
Yemen,2020,Very Low,Very High,Very High
Turkmenistan,2020,Medium,Medium,Medium
Seychelles,2020,Medium,Medium,Low
Lebanon,2020,Low,Medium,Low
Serbia,2020,Medium,Low,Medium
New Zealand,2020,High,Very Low,Very Low
Hungary,2020,High,Very Low,Very Low
Iran,2020,Low,Medium,Low
Turkey,2020,Medium,Low,Low
Brazil,2020,Low,Medium,Medium
Bosnia and Herzegovina,2020,Low,Medium,Low
Bolivia,2020,Low,High,High
Nepal,2020,Very Low,High,High
Italy,2020,High,Very Low,Low
Saint Lucia,2020,Low,Medium,Medium
Australia,2020,High,Very Low,Very Low
Ireland,2020,High,Very Low,Very Low
Kuwait,2020,Medium,Low,Very Low
Laos,2020,Very Low,High,High
Bahamas,2020,Low,Low,Low
Botswana,2020,Very Low,Medium,High
Bulgaria,2020,Low,Low,Medium
Croatia,2020,Low,Low,Low
Jordan,2020,Very Low,Medium,Medium
Moldova,2020,Low,Low,Medium
"Ver, Manche",2020,Medium,Very Low,Very Low
Portugal,2020,Low,Very Low,Low
Spain,2020,Low,Very Low,Very Low
Kazakhstan,2020,Very Low,Low,Low
Russia,2020,Low,Low,Low
Argentina,2020,Very Low,Low,Low
United Kingdom,2020,Medium,Very Low,Very Low
Libya,2020,Very Low,Medium,Medium
Slovenia,2020,Low,Very Low,Very Low
Paraguay,2020,Very Low,Medium,Medium
Slovakia,2020,Low,Very Low,Very Low
United Arab Emirates,2020,Low,Very Low,Very Low
South Korea,2020,Low,Very Low,Very Low
Austria,2020,Medium,Very Low,Very Low
Poland,2020,Very Low,Very Low,Very Low
Czech Republic,2020,Low,Very Low,Very Low
Cyprus,2020,Very Low,Low,Very Low
Latvia,2020,Very Low,Very Low,Low
Bhutan,2020,Very Low,Medium,Medium
Mongolia,2020,Very Low,Medium,High
Israel,2020,Very Low,Low,Low
Bahrain,2020,Very Low,Low,Very Low
Canada,2020,Low,Very Low,Very Low
Oman,2020,Very Low,Low,Medium
Ukraine,2020,Very Low,Low,Low
Ethiopia,2020,Low,Very Low,Very Low
"Wei County, Xingtai",2020,Very Low,Very Low,Very Low
Belgium,2020,Low,Very Low,Very Low
Germany,2020,Low,Very Low,Very Low
S?o Tom?? and Pr??ncipe,2020,Very Low,High,Very High
Singapore,2020,Very Low,Very Low,Very Low
Norway,2020,Low,Very Low,Very Low
Luxembourg,2020,Low,Very Low,Very Low
France,2020,Low,Very Low,Very Low
Lithuania,2020,Very Low,Very Low,Low
Sweden,2020,Very Low,Very Low,Very Low
Switzerland,2020,Very Low,Very Low,Very Low
Maldives,2020,Very Low,Medium,Low
Estonia,2020,Very Low,Very Low,Very Low
Finland,2020,Very Low,Very Low,Very Low
Egypt,2020,Very Low,Medium,Medium
Island,2020,Very Low,Very Low,Very Low
Barbados,2020,Very Low,Low,Low
Saudi Arabia,2020,Very Low,Low,Very Low
Grenada,2020,Very Low,Medium,Medium
Saint Vincent and the Grenadines,2020,Very Low,Medium,High
Malta,2020,Very Low,Very Low,Very Low
Qatar,2020,Very Low,Low,Very Low
Vanuatu,2012,Very High,High,High
Tonga,2012,Very High,Medium,Medium
Philippines,2012,Very High,Medium,High
Guatemala,2012,Very High,High,High
Bangladesh,2012,Very High,Very High,High
Solomon Islands,2012,Very High,High,High
Costa Rica,2012,Very High,Low,Low
Cambodia,2012,Very High,High,High
Timor-Leste,2012,Very High,Very High,Very High
El Salvador,2012,Very High,Medium,Medium
Brunei,2012,Very High,Low,Very Low
Papua New Guinea,2012,Very High,High,Very High
Mauritius,2012,Very High,Low,Low
Nicaragua,2012,Very High,High,High
Fiji,2012,Very High,Medium,Medium
Japan,2012,Very High,Very Low,Very Low
Guinea-Bissau,2012,Very High,Very High,Very High
Vietnam,2012,Very High,Medium,Medium
Chile,2012,Very High,Low,Low
Jamaica,2012,Very High,Medium,Medium
Haiti,2012,High,Very High,Very High
Niger,2012,High,Very High,Very High
Gambia,2012,Very High,High,High
Guyana,2012,Very High,Medium,Medium
Dominican Republic,2012,Very High,Medium,Medium
Cameroon,2012,Very High,High,High
Benin,2012,High,Very High,Very High
Chad,2012,High,Very High,Very High
Senegal,2012,Very High,High,High
Honduras,2012,Very High,High,High
Madagascar,2012,High,Very High,Very High
Cape Verde,2012,Very High,High,High
Indonesia,2012,Very High,High,High
Togo,2012,High,Very High,Very High
Sierra Leone,2012,High,Very High,Very High
Burundi,2012,High,Very High,Very High
Djibouti,2012,High,High,High
Albania,2012,Very High,Medium,Low
Zimbabwe,2012,High,Very High,Very High
Afghanistan,2012,Medium,Very High,Very High
Burkina Faso,2012,High,Very High,Very High
Myanmar,2012,High,High,High
Mozambique,2012,Medium,Very High,Very High
Ivory Coast,2012,Medium,Very High,High
Ghana,2012,High,High,High
Mali,2012,Medium,Very High,Very High
Uzbekistan,2012,High,High,High
Suriname,2012,Very High,Medium,Medium
Guinea,2012,Medium,Very High,Very High
Kyrgyzstan,2012,High,Medium,Medium
Netherlands,2012,Very High,Very Low,Very Low
Mauritania,2012,Medium,Very High,Very High
Nigeria,2012,Medium,Very High,Very High
Malawi,2012,Medium,Very High,Very High
Bhutan,2012,High,High,High
Algeria,2012,High,Medium,Medium
Tanzania,2012,Medium,Very High,Very High
Ecuador,2012,High,Medium,Medium
Sudan,2012,Medium,Very High,Very High
Liberia,2012,Low,Very High,Very High
Eswatini,2012,Medium,High,High
Ethiopia,2012,Low,Very High,Very High
Sri Lanka,2012,High,Medium,Medium
Panama,2012,High,Medium,Medium
Trinidad and Tobago,2012,Very High,Low,Low
Serbia,2012,Very High,Low,Low
Rwanda,2012,Medium,High,Very High
Comoros,2012,Low,Very High,Very High
Zambia,2012,Low,Very High,Very High
Tajikistan,2012,Medium,High,High
Democratic Republic of the Congo,2012,Medium,High,Very High
Greece,2012,Very High,Very Low,Very Low
India,2012,Medium,High,High
Pakistan,2012,Low,Very High,High
Lesotho,2012,Low,High,Very High
Morocco,2012,Medium,High,Medium
Peru,2012,High,Medium,Medium
China,2012,High,Medium,Medium
Armenia,2012,High,Medium,Medium
Kenya,2012,Low,Very High,Very High
Colombia,2012,Medium,Medium,Medium
Romania,2012,High,Low,Low
Uganda,2012,Low,Very High,Very High
Georgia,2012,High,Low,Medium
Central African Republic,2012,Low,Very High,Very High
Bosnia and Herzegovina,2012,High,Medium,Low
Belize,2012,Medium,Medium,Medium
Angola,2012,Low,Very High,Very High
Cuba,2012,High,Low,Low
Turkmenistan,2012,Medium,Medium,Medium
Malaysia,2012,High,Low,Low
Thailand,2012,Medium,Medium,Low
Eritrea,2012,Very Low,Very High,Very High
Mexico,2012,Medium,Low,Medium
Republic of North Macedonia,2012,High,Low,Low
Gabon,2012,Medium,Medium,High
Venezuela,2012,Medium,Medium,Medium
Azerbaijan,2012,Medium,Low,Medium
Yemen,2012,Very Low,Very High,High
Tunisia,2012,Medium,Medium,Medium
South Africa,2012,Medium,Medium,Medium
Hungary,2012,High,Low,Very Low
Laos,2012,Low,High,High
Namibia,2012,Low,High,High
Nepal,2012,Low,High,High
Syria,2012,Low,High,Medium
Turkey,2012,Medium,Low,Low
Moldova,2012,Low,Medium,Medium
Botswana,2012,Low,Medium,Medium
Bolivia,2012,Very Low,High,High
Lebanon,2012,Low,Low,Low
Iran,2012,Low,Medium,Low
Iraq,2012,Very Low,High,High
Jordan,2012,Low,Low,Medium
South Korea,2012,High,Very Low,Very Low
Italy,2012,Medium,Very Low,Very Low
Australia,2012,High,Very Low,Very Low
Bulgaria,2012,Medium,Low,Low
Samoa,2012,Very Low,Medium,Medium
Ireland,2012,High,Very Low,Very Low
Equatorial Guinea,2012,Very Low,High,Medium
New Zealand,2012,High,Very Low,Very Low
Croatia,2012,Medium,Low,Low
Brazil,2012,Low,Low,Medium
Bahamas,2012,Low,Low,Low
Uruguay,2012,Low,Low,Low
United States,2012,Medium,Very Low,Low
Kazakhstan,2012,Very Low,Low,Low
Paraguay,2012,Very Low,High,High
Russia,2012,Low,Low,Low
Portugal,2012,Low,Very Low,Low
Slovenia,2012,Medium,Very Low,Very Low
Argentina,2012,Low,Low,Low
Libya,2012,Very Low,Medium,Medium
Austria,2012,Medium,Very Low,Very Low
Kuwait,2012,Very Low,Low,Very Low
Slovakia,2012,Low,Very Low,Very Low
Czech Republic,2012,Low,Very Low,Very Low
United Kingdom,2012,Medium,Very Low,Very Low
Poland,2012,Low,Very Low,Low
Latvia,2012,Low,Low,Low
Belgium,2012,Medium,Very Low,Very Low
Spain,2012,Low,Very Low,Very Low
S?o Tom?? and Pr??ncipe,2012,Very Low,High,High
"Wei County, Xingtai",2012,Very Low,Low,Low
Germany,2012,Low,Very Low,Very Low
Mongolia,2012,Very Low,Medium,High
Lithuania,2012,Very Low,Very Low,Low
Ukraine,2012,Very Low,Low,Low
Canada,2012,Low,Very Low,Very Low
Ethiopia,2012,Low,Very Low,Very Low
Cyprus,2012,Very Low,Low,Very Low
France,2012,Low,Very Low,Very Low
Oman,2012,Very Low,Low,Low
Luxembourg,2012,Very Low,Very Low,Very Low
Seychelles,2012,Very Low,Low,Low
Switzerland,2012,Low,Very Low,Very Low
Singapore,2012,Very Low,Very Low,Very Low
Estonia,2012,Very Low,Very Low,Low
Israel,2012,Very Low,Low,Low
Egypt,2012,Very Low,Medium,Low
Norway,2012,Very Low,Very Low,Very Low
Finland,2012,Very Low,Very Low,Very Low
Sweden,2012,Very Low,Very Low,Very Low
United Arab Emirates,2012,Very Low,Very Low,Very Low
Bahrain,2012,Very Low,Low,Very Low
Kiribati,2012,Very Low,High,High
Island,2012,Very Low,Very Low,Very Low
Grenada,2012,Very Low,Medium,Medium
Saudi Arabia,2012,Very Low,Low,Low
Barbados,2012,Very Low,Very Low,Very Low
Malta,2012,Very Low,Very Low,Very Low
Qatar,2012,Very Low,Very Low,Very Low
Vanuatu,2018,Very High,High,High
Tonga,2018,Very High,High,High
Philippines,2018,Very High,High,High
Solomon Islands,2018,Very High,High,Very High
Guyana,2018,Very High,High,Medium
Papua New Guinea,2018,Very High,Very High,Very High
Guatemala,2018,Very High,High,High
Brunei,2018,Very High,Low,Very Low
Bangladesh,2018,Very High,High,High
Fiji,2018,Very High,Medium,Medium
Costa Rica,2018,Very High,Low,Low
Cambodia,2018,Very High,High,High
Timor-Leste,2018,Very High,High,High
El Salvador,2018,Very High,Medium,Medium
Kiribati,2018,Very High,High,High
Mauritius,2018,Very High,Low,Low
Nicaragua,2018,Very High,High,High
Djibouti,2018,Very High,Very High,High
Guinea-Bissau,2018,Very High,Very High,Very High
Chad,2018,High,Very High,Very High
Haiti,2018,High,Very High,Very High
Cameroon,2018,Very High,High,Very High
Cape Verde,2018,Very High,High,High
Sierra Leone,2018,High,Very High,Very High
Vietnam,2018,Very High,Medium,Medium
Niger,2018,High,Very High,Very High
Jamaica,2018,Very High,Medium,Medium
Chile,2018,Very High,Low,Low
Japan,2018,Very High,Very Low,Low
Benin,2018,High,Very High,Very High
Gambia,2018,High,Very High,High
Madagascar,2018,High,Very High,Very High
Dominican Republic,2018,Very High,Medium,Medium
Senegal,2018,High,High,High
Afghanistan,2018,High,Very High,Very High
Indonesia,2018,Very High,High,Medium
Angola,2018,High,Very High,Very High
Zimbabwe,2018,High,Very High,Very High
Honduras,2018,Very High,High,High
Burkina Faso,2018,Medium,Very High,Very High
Mali,2018,Medium,Very High,Very High
Mozambique,2018,Medium,Very High,Very High
Sudan,2018,High,Very High,High
Togo,2018,Medium,Very High,Very High
Albania,2018,Very High,Low,Low
Tanzania,2018,Medium,Very High,Very High
Burundi,2018,Medium,Very High,Very High
Mauritania,2018,Medium,Very High,High
Liberia,2018,Medium,Very High,Very High
Ghana,2018,High,High,High
Comoros,2018,Medium,Very High,Very High
Nigeria,2018,Medium,Very High,Very High
Ivory Coast,2018,Medium,Very High,Very High
Lesotho,2018,Medium,High,Very High
Ecuador,2018,High,Medium,Medium
Malawi,2018,Medium,Very High,Very High
Guinea,2018,Low,Very High,Very High
Uzbekistan,2018,High,High,High
Trinidad and Tobago,2018,Very High,Low,Low
Belize,2018,High,Medium,Medium
Sri Lanka,2018,High,Medium,Medium
Bhutan,2018,High,High,Medium
Algeria,2018,High,Medium,Medium
Myanmar,2018,Medium,High,High
Netherlands,2018,Very High,Very Low,Very Low
Panama,2018,High,Medium,Medium
Kyrgyzstan,2018,High,Medium,Medium
Suriname,2018,High,Medium,High
Ethiopia,2018,Low,Very High,Very High
Rwanda,2018,Low,High,Very High
Venezuela,2018,High,Medium,Medium
Kenya,2018,Low,Very High,Very High
Uganda,2018,Low,Very High,Very High
Zambia,2018,Low,Very High,Very High
India,2018,Medium,High,High
Samoa,2018,Medium,Medium,Medium
Serbia,2018,Very High,Low,Low
Greece,2018,Very High,Very Low,Low
Congo,2018,Low,Very High,Very High
Gabon,2018,Medium,High,High
Peru,2018,High,Medium,Medium
Malaysia,2018,High,Low,Low
Central African Republic,2018,Very Low,Very High,Very High
Yemen,2018,Very Low,Very High,High
Colombia,2018,High,Medium,Medium
Turkmenistan,2018,Medium,Medium,Medium
Morocco,2018,Medium,Medium,Medium
Thailand,2018,Medium,Medium,Low
Pakistan,2018,Low,High,High
Cuba,2018,High,Low,Low
Armenia,2018,High,Low,Low
Mexico,2018,Medium,Medium,Medium
Tajikistan,2018,Medium,High,High
Eswatini,2018,Low,High,High
China,2018,High,Low,Medium
Namibia,2018,Low,High,High
South Africa,2018,Medium,Medium,High
Eritrea,2018,Very Low,Very High,Very High
Republic of North Macedonia,2018,Medium,Low,Low
Syria,2018,Low,High,Medium
Georgia,2018,Medium,Low,Medium
"Rum, Hungary",2018,High,Low,Low
Azerbaijan,2018,Medium,Low,Low
Nepal,2018,Very Low,High,High
Tunisia,2018,Medium,Medium,Medium
Laos,2018,Very Low,High,High
Equatorial Guinea,2018,Very Low,High,High
Hungary,2018,High,Low,Very Low
Botswana,2018,Low,Medium,High
Iraq,2018,Very Low,High,High
Lebanon,2018,Low,Medium,Low
Turkey,2018,Medium,Low,Low
New Zealand,2018,Very High,Very Low,Very Low
Bosnia and Herzegovina,2018,Low,Medium,Low
Seychelles,2018,Low,Low,Low
Bolivia,2018,Very Low,High,High
Jordan,2018,Low,Medium,Medium
Australia,2018,Very High,Very Low,Very Low
Bahamas,2018,Medium,Low,Low
Iran,2018,Low,Medium,Low
Brazil,2018,Low,Medium,Medium
Italy,2018,High,Very Low,Very Low
Bulgaria,2018,Medium,Low,Medium
Ireland,2018,High,Very Low,Very Low
Moldova,2018,Very Low,Medium,Medium
South Korea,2018,High,Very Low,Very Low
Libya,2018,Very Low,Medium,Medium
Croatia,2018,Low,Very Low,Low
Kazakhstan,2018,Low,Low,Low
Russia,2018,Very Low,Low,Low
United States,2018,Medium,Very Low,Very Low
Kuwait,2018,Low,Low,Very Low
Uruguay,2018,Low,Low,Low
Paraguay,2018,Very Low,Medium,Medium
Argentina,2018,Very Low,Low,Low
United Kingdom,2018,Medium,Very Low,Very Low
Slovenia,2018,Medium,Very Low,Very Low
Portugal,2018,Low,Very Low,Low
Slovakia,2018,Low,Very Low,Very Low
Czech Republic,2018,Low,Very Low,Very Low
United Arab Emirates,2018,Very Low,Very Low,Very Low
Poland,2018,Low,Very Low,Very Low
Austria,2018,Medium,Very Low,Very Low
Latvia,2018,Very Low,Very Low,Low
Ukraine,2018,Very Low,Low,Low
Spain,2018,Low,Very Low,Very Low
"Wei County, Xingtai",2018,Very Low,Low,Low
Belgium,2018,Low,Very Low,Very Low
Bahrain,2018,Very Low,Low,Very Low
Oman,2018,Very Low,Low,Medium
Ethiopia,2018,Low,Very Low,Very Low
Canada,2018,Low,Very Low,Very Low
Cyprus,2018,Very Low,Low,Very Low
Mongolia,2018,Very Low,Medium,High
Germany,2018,Low,Very Low,Very Low
Lithuania,2018,Very Low,Very Low,Low
France,2018,Very Low,Very Low,Very Low
Singapore,2018,Very Low,Very Low,Very Low
Norway,2018,Low,Very Low,Very Low
Estonia,2018,Very Low,Very Low,Very Low
Switzerland,2018,Low,Very Low,Very Low
Israel,2018,Very Low,Low,Low
Sweden,2018,Very Low,Very Low,Very Low
Luxembourg,2018,Very Low,Very Low,Very Low
Finland,2018,Very Low,Very Low,Very Low
Egypt,2018,Very Low,Medium,Medium
Island,2018,Very Low,Very Low,Very Low
Barbados,2018,Very Low,Low,Low
Grenada,2018,Very Low,Medium,Medium
Saudi Arabia,2018,Very Low,Low,Very Low
Malta,2018,Very Low,Very Low,Very Low
Qatar,2018,Very Low,Low,Very Low
Vanuatu,2016,Very High,High,High
Tonga,2016,Very High,High,Medium
Philippines,2016,Very High,High,High
Guatemala,2016,Very High,High,High
Bangladesh,2016,Very High,High,High
Solomon Islands,2016,Very High,Very High,High
Brunei,2016,Very High,Low,Low
Costa Rica,2016,Very High,Low,Low
Cambodia,2016,Very High,High,High
Papua New Guinea,2016,Very High,Very High,Very High
El Salvador,2016,Very High,Medium,Medium
Timor-Leste,2016,Very High,High,Very High
Mauritius,2016,Very High,Low,Low
Nicaragua,2016,Very High,High,High
Guinea-Bissau,2016,Very High,Very High,Very High
Fiji,2016,Very High,Medium,Medium
Japan,2016,Very High,Very Low,Low
Vietnam,2016,Very High,Medium,Medium
Gambia,2016,Very High,High,High
Jamaica,2016,Very High,Medium,Medium
Haiti,2016,High,Very High,Very High
Chile,2016,Very High,Low,Low
Benin,2016,High,Very High,Very High
Guyana,2016,Very High,Medium,Medium
Niger,2016,High,Very High,Very High
Madagascar,2016,High,Very High,Very High
Dominican Republic,2016,Very High,Medium,Medium
Cameroon,2016,Very High,High,High
Chad,2016,High,Very High,Very High
Honduras,2016,Very High,High,High
Cape Verde,2016,Very High,High,High
Senegal,2016,Very High,High,High
Togo,2016,High,Very High,Very High
Djibouti,2016,High,Very High,High
Burundi,2016,High,Very High,Very High
Indonesia,2016,Very High,High,High
Sierra Leone,2016,High,Very High,Very High
Zimbabwe,2016,High,Very High,Very High
Burkina Faso,2016,High,Very High,Very High
Albania,2016,Very High,Medium,Low
Afghanistan,2016,Medium,Very High,Very High
Myanmar,2016,High,High,High
Ivory Coast,2016,Medium,Very High,Very High
Mozambique,2016,Medium,Very High,Very High
Uzbekistan,2016,High,High,High
Suriname,2016,Very High,Medium,Medium
Ghana,2016,High,High,High
Mali,2016,Medium,Very High,Very High
Netherlands,2016,Very High,Very Low,Very Low
Guinea,2016,Medium,Very High,Very High
Sudan,2016,Medium,Very High,Very High
Nigeria,2016,Medium,Very High,Very High
Malawi,2016,Medium,Very High,Very High
Mauritania,2016,Medium,Very High,High
Kyrgyzstan,2016,High,Medium,Medium
Liberia,2016,Low,Very High,Very High
Tanzania,2016,Medium,Very High,Very High
Ecuador,2016,High,Medium,Medium
Eswatini,2016,Medium,High,High
Bhutan,2016,High,High,High
Trinidad and Tobago,2016,Very High,Low,Low
Algeria,2016,High,Medium,Medium
Sri Lanka,2016,High,Medium,Medium
Comoros,2016,Low,Very High,Very High
Panama,2016,High,Medium,Medium
Zambia,2016,Low,Very High,Very High
Congo,2016,Medium,High,Very High
Serbia,2016,Very High,Low,Low
Rwanda,2016,Medium,High,Very High
Ethiopia,2016,Low,Very High,Very High
Central African Republic,2016,Low,Very High,Very High
Pakistan,2016,Low,High,High
Lesotho,2016,Low,High,Very High
Kenya,2016,Low,Very High,Very High
Tajikistan,2016,Medium,High,High
Greece,2016,Very High,Very Low,Low
India,2016,Medium,High,High
Peru,2016,High,Medium,Medium
Belize,2016,Medium,Medium,Medium
Uganda,2016,Low,Very High,Very High
Angola,2016,Low,Very High,Very High
Morocco,2016,Medium,Medium,Medium
Colombia,2016,Medium,Medium,Medium
Turkmenistan,2016,Medium,Medium,Medium
China,2016,High,Medium,Medium
Malaysia,2016,High,Medium,Low
Eritrea,2016,Very Low,Very High,Very High
Georgia,2016,High,Low,Medium
Thailand,2016,Medium,Medium,Low
Cuba,2016,High,Low,Low
Bosnia and Herzegovina,2016,High,Medium,Low
Armenia,2016,High,Low,Low
Gabon,2016,Medium,High,High
Yemen,2016,Very Low,Very High,High
Mexico,2016,Medium,Low,Medium
Venezuela,2016,Medium,Medium,Medium
Romania,2016,High,Low,Low
Republic of North Macedonia,2016,High,Low,Low
Syria,2016,Low,High,Medium
Laos,2016,Low,High,High
South Africa,2016,Medium,Medium,High
Azerbaijan,2016,Medium,Low,Low
Tunisia,2016,Medium,Medium,Low
Namibia,2016,Low,High,High
Hungary,2016,High,Very Low,Very Low
Turkey,2016,Medium,Low,Low
Botswana,2016,Low,Medium,High
Nepal,2016,Very Low,High,High
Lebanon,2016,Low,Medium,Medium
Moldova,2016,Low,Low,Medium
Iran,2016,Low,Medium,Low
Ireland,2016,High,Very Low,Very Low
South Korea,2016,Very High,,High
Bolivia,2016,Very Low,High,High
Jordan,2016,Low,Medium,Medium
New Zealand,2016,High,Very Low,Very Low
Iraq,2016,Very Low,High,Medium
Equatorial Guinea,2016,Very Low,High,High
Italy,2016,Medium,Very Low,Low
Bulgaria,2016,Medium,Low,Low
Australia,2016,High,Very Low,Very Low
Bahamas,2016,Low,Low,Low
Brazil,2016,Low,Low,Medium
Uruguay,2016,Low,Low,Low
Croatia,2016,Low,Very Low,Low
Libya,2016,Very Low,Medium,Medium
United States,2016,Medium,Very Low,Very Low
Russia,2016,Low,Low,Medium
Argentina,2016,Low,Low,Low
Kazakhstan,2016,Very Low,Low,Low
United Kingdom,2016,Medium,Very Low,Very Low
Paraguay,2016,Very Low,Medium,Medium
Portugal,2016,Low,Very Low,Low
Slovenia,2016,Medium,Very Low,Very Low
Austria,2016,Medium,Very Low,Very Low
Slovakia,2016,Low,Very Low,Very Low
Czech Republic,2016,Low,Very Low,Very Low
Latvia,2016,Low,Low,Low
Kuwait,2016,Very Low,Low,Very Low
Poland,2016,Low,Very Low,Very Low
Belarus,2016,Very Low,Low,Very Low
Mongolia,2016,Very Low,Medium,High
Belgium,2016,Medium,Very Low,Very Low
Spain,2016,Low,Very Low,Very Low
Canada,2016,Low,Very Low,Very Low
Ukraine,2016,Very Low,Low,Low
Germany,2016,Low,Very Low,Very Low
Lithuania,2016,Very Low,Very Low,Low
Denmark,2016,Low,Very Low,Very Low
Cyprus,2016,Very Low,Low,Very Low
Oman,2016,Very Low,Low,Very Low
France,2016,Very Low,Very Low,Very Low
Seychelles,2016,Very Low,Low,Medium
Luxembourg,2016,Very Low,Very Low,Very Low
Switzerland,2016,Low,Very Low,Very Low
Estonia,2016,Very Low,Very Low,Low
Israel,2016,Very Low,Low,Low
Egypt,2016,Very Low,Medium,Medium
Singapore,2016,Very Low,Very Low,Very Low
Finland,2016,Very Low,Very Low,Very Low
Norway,2016,Very Low,Very Low,Very Low
Sweden,2016,Very Low,Very Low,Very Low
United Arab Emirates,2016,Very Low,Very Low,Very Low
Kiribati,2016,Very Low,High,High
Bahrain,2016,Very Low,Low,Very Low
Iceland,2016,Very Low,Very Low,Very Low
Grenada,2016,Very Low,Medium,Medium
Barbados,2016,Very Low,Low,Low
Saudi Arabia,2016,Very Low,Low,Very Low
Malta,2016,Very Low,Low,Very Low
Qatar,2016,Very Low,Very Low,Very Low
